{
  "" : {
    "transaction" : "",
    "sampleCount" : 341578,
    "errorCount" : 0,
    "errorPct" : 0.0,
    "meanResTime" : 10144.401767678095,
    "minResTime" : 28.0,
    "maxResTime" : 15371.0,
    "pct1ResTime" : 10943.900000000001,
    "pct2ResTime" : 11210.0,
    "pct3ResTime" : 11789.990000000002,
    "throughput" : 94.63758756133761,
    "receivedKBytesPerSec" : 261.3624000229128,
    "sentKBytesPerSec" : 158.49947526141992
  },
  "Get Jhipster data - Dev" : {
    "transaction" : "Get Jhipster data - Dev",
    "sampleCount" : 1000,
    "errorCount" : 0,
    "errorPct" : 0.0,
    "meanResTime" : 6298.904999999995,
    "minResTime" : 23.0,
    "maxResTime" : 13795.0,
    "pct1ResTime" : 11117.4,
    "pct2ResTime" : 11535.65,
    "pct3ResTime" : 12606.140000000001,
    "throughput" : 13.980930011464363,
    "receivedKBytesPerSec" : 38.61139655509885,
    "sentKBytesPerSec" : 23.415327118809945
  },
  "Total" : {
    "transaction" : "Total",
    "sampleCount" : 343578,
    "errorCount" : 0,
    "errorPct" : 0.0,
    "meanResTime" : 10104.208648400068,
    "minResTime" : 23.0,
    "maxResTime" : 15371.0,
    "pct1ResTime" : 10943.900000000001,
    "pct2ResTime" : 11210.0,
    "pct3ResTime" : 11789.990000000002,
    "throughput" : 95.16172990507592,
    "receivedKBytesPerSec" : 262.79965547710765,
    "sentKBytesPerSec" : 159.01973521876275
  },
  "Keycloak call to get token - Dev" : {
    "transaction" : "Keycloak call to get token - Dev",
    "sampleCount" : 1000,
    "errorCount" : 0,
    "errorPct" : 0.0,
    "meanResTime" : 180.42700000000022,
    "minResTime" : 74.0,
    "maxResTime" : 1539.0,
    "pct1ResTime" : 224.89999999999998,
    "pct2ResTime" : 260.89999999999986,
    "pct3ResTime" : 1037.3500000000006,
    "throughput" : 16.70871693762636,
    "receivedKBytesPerSec" : 45.52472681247807,
    "sentKBytesPerSec" : 6.412622809069492
  }
}